2018-07-07 21:55:28,2018-07-07 21:41:40,Vádli állva egylábon,Vádli,80,10,2018-07-07 21:41:40
2018-07-07 21:55:28,2018-07-07 21:41:40,Vádli állva egylábon,Vádli,80,12,2018-07-07 21:43:53
2018-07-07 21:55:28,2018-07-07 21:41:40,Vádli állva egylábon,Vádli,80,12,2018-07-07 21:46:21
2018-07-07 21:55:28,2018-07-07 21:41:40,Vádli állva egylábon,Vádli,80,12,2018-07-07 21:48:40
2018-07-07 21:55:28,2018-07-07 21:28:40,Felhúzás merev lábbal,Láb,20,15,2018-07-07 21:28:40
2018-07-07 21:55:28,2018-07-07 21:28:40,Felhúzás merev lábbal,Láb,20,15,2018-07-07 21:31:30
2018-07-07 21:55:28,2018-07-07 21:28:40,Felhúzás merev lábbal,Láb,40,10,2018-07-07 21:34:39
2018-07-07 21:55:28,2018-07-07 21:28:40,Felhúzás merev lábbal,Láb,40,10,2018-07-07 21:37:16
2018-07-07 21:55:28,2018-07-07 20:57:06,Lábnyújtás,Láb,20,30,2018-07-07 20:57:06
2018-07-07 21:55:28,2018-07-07 20:57:06,Lábnyújtás,Láb,40,20,2018-07-07 20:59:10
2018-07-07 21:55:28,2018-07-07 20:57:06,Lábnyújtás,Láb,50,15,2018-07-07 21:01:21
2018-07-07 21:55:28,2018-07-07 20:57:06,Lábnyújtás,Láb,50,15,2018-07-07 21:04:55
2018-07-07 21:55:28,2018-07-07 20:57:06,Lábnyújtás,Láb,50,15,2018-07-07 21:08:06
2018-07-07 21:55:28,2018-07-07 21:11:57,Guggolás szélesen,Láb,40,10,2018-07-07 21:11:57
2018-07-07 21:55:28,2018-07-07 21:11:57,Guggolás szélesen,Láb,40,10,2018-07-07 21:14:39
2018-07-07 21:55:28,2018-07-07 21:11:57,Guggolás szélesen,Láb,60,8,2018-07-07 21:19:28
2018-07-07 21:55:28,2018-07-07 21:11:57,Guggolás szélesen,Láb,60,8,2018-07-07 21:23:10
2018-07-07 21:55:28,2018-07-07 21:50:20,Lábemelés fekve,Has,10,10,2018-07-07 21:50:20
2018-07-07 21:55:28,2018-07-07 21:50:20,Lábemelés fekve,Has,10,15,2018-07-07 21:52:36
2018-07-07 21:55:28,2018-07-07 21:50:20,Lábemelés fekve,Has,10,15,2018-07-07 21:54:13
2018-07-08 19:30:15,2018-07-08 18:42:35,30°ba nyomás egykezessel,Mell,18,12,2018-07-08 18:42:35
2018-07-08 19:30:15,2018-07-08 18:42:35,30°ba nyomás egykezessel,Mell,18,15,2018-07-08 18:44:50
2018-07-08 19:30:15,2018-07-08 18:42:35,30°ba nyomás egykezessel,Mell,22,10,2018-07-08 18:47:02
2018-07-08 19:30:15,2018-07-08 18:42:35,30°ba nyomás egykezessel,Mell,22,10,2018-07-08 18:49:09
2018-07-08 19:30:15,2018-07-08 18:54:14,Felső csiga mell,Mell,10,15,2018-07-08 18:54:14
2018-07-08 19:30:15,2018-07-08 18:54:14,Felső csiga mell,Mell,14,10,2018-07-08 18:55:58
2018-07-08 19:30:15,2018-07-08 18:54:14,Felső csiga mell,Mell,14,12,2018-07-08 18:57:41
2018-07-08 19:30:15,2018-07-08 18:54:14,Felső csiga mell,Mell,14,12,2018-07-08 18:59:42
2018-07-08 19:30:15,2018-07-08 19:03:21,Kétkezes evezés szélesen,Hát,60,15,2018-07-08 19:03:21
2018-07-08 19:30:15,2018-07-08 19:03:21,Kétkezes evezés szélesen,Hát,60,15,2018-07-08 19:05:39
2018-07-08 19:30:15,2018-07-08 19:03:21,Kétkezes evezés szélesen,Hát,80,10,2018-07-08 19:07:56
2018-07-08 19:30:15,2018-07-08 19:03:21,Kétkezes evezés szélesen,Hát,80,10,2018-07-08 19:10:25
2018-07-08 19:30:15,2018-07-08 19:24:02,Húzódzkodás szélesen,Hát,80,8,2018-07-08 19:24:02
2018-07-08 19:30:15,2018-07-08 19:24:02,Húzódzkodás szélesen,Hát,80,8,2018-07-08 19:26:09
2018-07-08 19:30:15,2018-07-08 19:24:02,Húzódzkodás szélesen,Hát,80,8,2018-07-08 19:28:01
2018-07-08 19:30:15,2018-07-08 19:24:02,Húzódzkodás szélesen,Hát,80,8,2018-07-08 19:30:12
2018-07-08 19:30:15,2018-07-08 18:31:59,Fekvenyomás,Mell,60,20,2018-07-08 18:31:59
2018-07-08 19:30:15,2018-07-08 18:31:59,Fekvenyomás,Mell,80,8,2018-07-08 18:34:27
2018-07-08 19:30:15,2018-07-08 18:31:59,Fekvenyomás,Mell,90,4,2018-07-08 18:37:41
2018-07-08 19:30:15,2018-07-08 18:31:59,Fekvenyomás,Mell,90,4,2018-07-08 18:40:06
2018-07-08 19:30:15,2018-07-08 19:13:49,Evezés alsó csigán 3szöggel,Hát,50,12,2018-07-08 19:13:49
2018-07-08 19:30:15,2018-07-08 19:13:49,Evezés alsó csigán 3szöggel,Hát,50,12,2018-07-08 19:16:00
2018-07-08 19:30:15,2018-07-08 19:13:49,Evezés alsó csigán 3szöggel,Hát,60,10,2018-07-08 19:18:07
2018-07-08 19:30:15,2018-07-08 19:13:49,Evezés alsó csigán 3szöggel,Hát,60,12,2018-07-08 19:20:29
2018-07-13 20:34:09,2018-07-13 20:01:26,Üllve koncentrált bic,Bicepsz,12,12,2018-07-13 20:01:26
2018-07-13 20:34:09,2018-07-13 20:01:26,Üllve koncentrált bic,Bicepsz,16,10,2018-07-13 20:03:47
2018-07-13 20:34:09,2018-07-13 20:01:26,Üllve koncentrált bic,Bicepsz,16,10,2018-07-13 20:06:18
2018-07-13 20:34:09,2018-07-13 20:01:26,Üllve koncentrált bic,Bicepsz,20,8,2018-07-13 20:09:11
2018-07-13 20:34:09,2018-07-13 20:01:26,Üllve koncentrált bic,Bicepsz,20,8,2018-07-13 20:11:55
2018-07-13 20:34:09,2018-07-13 20:15:38,Madár fogású bicepsz,Alkar,20,10,2018-07-13 20:15:38
2018-07-13 20:34:09,2018-07-13 20:15:38,Madár fogású bicepsz,Alkar,20,10,2018-07-13 20:17:10
2018-07-13 20:34:09,2018-07-13 20:15:38,Madár fogású bicepsz,Alkar,20,10,2018-07-13 20:18:47
2018-07-13 20:34:09,2018-07-13 20:27:55,Madár fogású húz.,Alkar,80,10,2018-07-13 20:27:55
2018-07-13 20:34:09,2018-07-13 20:27:55,Madár fogású húz.,Alkar,80,10,2018-07-13 20:30:02
2018-07-13 20:34:09,2018-07-13 20:27:55,Madár fogású húz.,Alkar,80,10,2018-07-13 20:32:07
2018-07-13 20:34:09,2018-07-13 20:27:55,Madár fogású húz.,Alkar,80,10,2018-07-13 20:34:05
2018-07-13 20:34:09,2018-07-13 19:45:47,Állva kétkezessel bic,Bicepsz,30,12,2018-07-13 19:45:47
2018-07-13 20:34:09,2018-07-13 19:45:47,Állva kétkezessel bic,Bicepsz,30,12,2018-07-13 19:48:05
2018-07-13 20:34:09,2018-07-13 19:45:47,Állva kétkezessel bic,Bicepsz,40,8,2018-07-13 19:50:52
2018-07-13 20:34:09,2018-07-13 19:45:47,Állva kétkezessel bic,Bicepsz,40,8,2018-07-13 19:53:14
2018-07-13 20:34:09,2018-07-13 19:45:47,Állva kétkezessel bic,Bicepsz,50,4,2018-07-13 19:55:59
2018-07-13 20:34:09,2018-07-13 19:45:47,Állva kétkezessel bic,Bicepsz,50,4,2018-07-13 19:58:02
2018-07-22 19:49:12,2018-07-22 18:49:57,Fekvenyomás,Mell,60,20,2018-07-22 18:49:57
2018-07-22 19:49:12,2018-07-22 18:49:57,Fekvenyomás,Mell,80,8,2018-07-22 18:53:38
2018-07-22 19:49:12,2018-07-22 18:49:57,Fekvenyomás,Mell,80,8,2018-07-22 18:57:29
2018-07-22 19:49:12,2018-07-22 18:49:57,Fekvenyomás,Mell,80,6,2018-07-22 19:01:15
2018-07-22 19:49:12,2018-07-22 19:29:07,Áthúzás egykezessel,Mell,12,12,2018-07-22 19:29:07
2018-07-22 19:49:12,2018-07-22 19:29:07,Áthúzás egykezessel,Mell,22,10,2018-07-22 19:31:38
2018-07-22 19:49:12,2018-07-22 19:29:07,Áthúzás egykezessel,Mell,22,10,2018-07-22 19:34:16
2018-07-22 19:49:12,2018-07-22 19:29:07,Áthúzás egykezessel,Mell,22,10,2018-07-22 19:37:18
2018-07-22 19:49:12,2018-07-22 19:05:48,30°ba nyomás egykezessel,Mell,18,15,2018-07-22 19:05:48
2018-07-22 19:49:12,2018-07-22 19:05:48,30°ba nyomás egykezessel,Mell,20,12,2018-07-22 19:08:29
2018-07-22 19:49:12,2018-07-22 19:05:48,30°ba nyomás egykezessel,Mell,20,12,2018-07-22 19:11:25
2018-07-22 19:49:12,2018-07-22 19:05:48,30°ba nyomás egykezessel,Mell,20,10,2018-07-22 19:14:15
2018-07-22 19:49:12,2018-07-22 19:05:48,30°ba nyomás egykezessel,Mell,20,10,2018-07-22 19:16:53
2018-07-22 19:49:12,2018-07-22 19:19:41,Felső csiga mell,Mell,10,15,2018-07-22 19:19:41
2018-07-22 19:49:12,2018-07-22 19:19:41,Felső csiga mell,Mell,14,12,2018-07-22 19:21:41
2018-07-22 19:49:12,2018-07-22 19:19:41,Felső csiga mell,Mell,14,12,2018-07-22 19:23:33
2018-07-22 19:49:12,2018-07-22 19:19:41,Felső csiga mell,Mell,14,12,2018-07-22 19:25:30
2018-07-22 19:49:12,2018-07-22 19:41:09,Tolódzkodás,Tricepsz,80,10,2018-07-22 19:41:09
2018-07-22 19:49:12,2018-07-22 19:41:09,Tolódzkodás,Tricepsz,80,12,2018-07-22 19:43:05
2018-07-22 19:49:12,2018-07-22 19:41:09,Tolódzkodás,Tricepsz,80,10,2018-07-22 19:44:40
2018-07-22 19:49:12,2018-07-22 19:41:09,Tolódzkodás,Tricepsz,80,12,2018-07-22 19:46:40
2018-07-22 19:49:12,2018-07-22 19:41:09,Tolódzkodás,Tricepsz,80,12,2018-07-22 19:48:54
2018-07-24 20:58:48,2018-07-24 20:03:22,Kétkezes evezés vállsz,Hát,40,20,2018-07-24 20:03:22
2018-07-24 20:58:48,2018-07-24 20:03:22,Kétkezes evezés vállsz,Hát,60,20,2018-07-24 20:05:42
2018-07-24 20:58:48,2018-07-24 20:03:22,Kétkezes evezés vállsz,Hát,80,10,2018-07-24 20:08:19
2018-07-24 20:58:48,2018-07-24 20:03:22,Kétkezes evezés vállsz,Hát,80,10,2018-07-24 20:10:53
2018-07-24 20:58:48,2018-07-24 20:03:22,Kétkezes evezés vállsz,Hát,90,6,2018-07-24 20:14:18
2018-07-24 20:58:48,2018-07-24 20:03:22,Kétkezes evezés vállsz,Hát,90,5,2018-07-24 20:16:44
2018-07-24 20:58:48,2018-07-24 20:49:33,Állva kétkezessel bic,Bicepsz,30,12,2018-07-24 20:49:33
2018-07-24 20:58:48,2018-07-24 20:49:33,Állva kétkezessel bic,Bicepsz,30,12,2018-07-24 20:51:28
2018-07-24 20:58:48,2018-07-24 20:49:33,Állva kétkezessel bic,Bicepsz,40,6,2018-07-24 20:53:47
2018-07-24 20:58:48,2018-07-24 20:49:33,Állva kétkezessel bic,Bicepsz,40,8,2018-07-24 20:57:37
2018-07-24 20:58:48,2018-07-24 20:35:25,Húzódzkodás szélesen,Hát,80,10,2018-07-24 20:35:25
2018-07-24 20:58:48,2018-07-24 20:35:25,Húzódzkodás szélesen,Hát,80,10,2018-07-24 20:37:27
2018-07-24 20:58:48,2018-07-24 20:35:25,Húzódzkodás szélesen,Hát,80,10,2018-07-24 20:39:57
2018-07-24 20:58:48,2018-07-24 20:35:25,Húzódzkodás szélesen,Hát,80,10,2018-07-24 20:43:23
2018-07-24 20:58:48,2018-07-24 20:20:47,Evezés alsó csigán 3szöggel,Hát,50,15,2018-07-24 20:20:47
2018-07-24 20:58:48,2018-07-24 20:20:47,Evezés alsó csigán 3szöggel,Hát,60,12,2018-07-24 20:22:40
2018-07-24 20:58:48,2018-07-24 20:20:47,Evezés alsó csigán 3szöggel,Hát,60,12,2018-07-24 20:24:20
2018-07-24 20:58:48,2018-07-24 20:20:47,Evezés alsó csigán 3szöggel,Hát,70,10,2018-07-24 20:26:57
2018-07-24 20:58:48,2018-07-24 20:20:47,Evezés alsó csigán 3szöggel,Hát,70,12,2018-07-24 20:29:09
2018-07-24 20:58:48,2018-07-24 20:20:47,Evezés alsó csigán 3szöggel,Hát,70,10,2018-07-24 20:32:09
2018-07-28 20:12:27,2018-07-28 19:02:42,Oldalemelés üllve,Váll,6,25,2018-07-28 19:02:42
2018-07-28 20:12:27,2018-07-28 19:02:42,Oldalemelés üllve,Váll,10,15,2018-07-28 19:05:45
2018-07-28 20:12:27,2018-07-28 19:02:42,Oldalemelés üllve,Váll,14,10,2018-07-28 19:08:38
2018-07-28 20:12:27,2018-07-28 19:02:42,Oldalemelés üllve,Váll,14,10,2018-07-28 19:11:18
2018-07-28 20:12:27,2018-07-28 19:02:42,Oldalemelés üllve,Váll,14,10,2018-07-28 19:14:43
2018-07-28 20:12:27,2018-07-28 19:18:40,Kétkezes evezés szélesen,Hát,40,20,2018-07-28 19:18:40
2018-07-28 20:12:27,2018-07-28 19:18:40,Kétkezes evezés szélesen,Hát,40,20,2018-07-28 19:20:57
2018-07-28 20:12:27,2018-07-28 19:18:40,Kétkezes evezés szélesen,Hát,60,20,2018-07-28 19:24:09
2018-07-28 20:12:27,2018-07-28 19:18:40,Kétkezes evezés szélesen,Hát,60,15,2018-07-28 19:28:45
2018-07-28 20:12:27,2018-07-28 19:33:16,Döntött törzsű Oldalemelés,Váll,10,15,2018-07-28 19:33:16
2018-07-28 20:12:27,2018-07-28 19:33:16,Döntött törzsű Oldalemelés,Váll,14,12,2018-07-28 19:37:13
2018-07-28 20:12:27,2018-07-28 19:33:16,Döntött törzsű Oldalemelés,Váll,14,12,2018-07-28 19:40:20
2018-07-28 20:12:27,2018-07-28 19:33:16,Döntött törzsű Oldalemelés,Váll,14,12,2018-07-28 19:42:34
2018-07-28 20:12:27,2018-07-28 19:45:27,Vállvonogatás,Csuklya,60,15,2018-07-28 19:45:27
2018-07-28 20:12:27,2018-07-28 19:45:27,Vállvonogatás,Csuklya,80,10,2018-07-28 19:47:33
2018-07-28 20:12:27,2018-07-28 19:45:27,Vállvonogatás,Csuklya,90,10,2018-07-28 19:50:05
2018-07-28 20:12:27,2018-07-28 19:45:27,Vállvonogatás,Csuklya,90,10,2018-07-28 19:52:24
2018-07-28 20:12:27,2018-07-28 19:55:46,Állig húzás,Csuklya,20,12,2018-07-28 19:55:46
2018-07-28 20:12:27,2018-07-28 19:55:46,Állig húzás,Csuklya,20,12,2018-07-28 19:57:25
2018-07-28 20:12:27,2018-07-28 19:55:46,Állig húzás,Csuklya,30,10,2018-07-28 20:00:28
2018-07-28 20:12:27,2018-07-28 19:55:46,Állig húzás,Csuklya,30,10,2018-07-28 20:02:27
2018-07-28 20:12:27,2018-07-28 20:06:43,Húzódzkodás párh.fog,Hát,80,12,2018-07-28 20:06:43
2018-07-28 20:12:27,2018-07-28 20:06:43,Húzódzkodás párh.fog,Hát,80,12,2018-07-28 20:09:01
2018-07-28 20:12:27,2018-07-28 20:06:43,Húzódzkodás párh.fog,Hát,80,10,2018-07-28 20:12:12
2018-08-01 18:12:59,2018-08-01 15:46:03,Tárogatás fekve,Mell,12,20,2018-08-01 15:46:03
2018-08-01 18:12:59,2018-08-01 15:46:03,Tárogatás fekve,Mell,16,12,2018-08-01 15:48:38
2018-08-01 18:12:59,2018-08-01 15:46:03,Tárogatás fekve,Mell,20,12,2018-08-01 15:51:17
2018-08-01 18:12:59,2018-08-01 15:46:03,Tárogatás fekve,Mell,20,10,2018-08-01 15:53:35
2018-08-01 18:12:59,2018-08-01 15:58:38,Fekvenyomás,Mell,60,15,2018-08-01 15:58:38
2018-08-01 18:12:59,2018-08-01 15:58:38,Fekvenyomás,Mell,80,8,2018-08-01 16:02:49
2018-08-01 18:12:59,2018-08-01 15:58:38,Fekvenyomás,Mell,80,8,2018-08-01 16:06:13
2018-08-01 18:12:59,2018-08-01 15:58:38,Fekvenyomás,Mell,90,4,2018-08-01 16:10:53
2018-08-01 18:12:59,2018-08-01 15:58:38,Fekvenyomás,Mell,90,5,2018-08-01 16:15:36
2018-08-01 18:12:59,2018-08-01 16:21:34,30°ba nyomás egykezessel,Mell,20,15,2018-08-01 16:21:34
2018-08-01 18:12:59,2018-08-01 16:21:34,30°ba nyomás egykezessel,Mell,24,12,2018-08-01 16:24:37
2018-08-01 18:12:59,2018-08-01 16:21:34,30°ba nyomás egykezessel,Mell,24,10,2018-08-01 16:27:26
2018-08-01 18:12:59,2018-08-01 16:21:34,30°ba nyomás egykezessel,Mell,24,8,2018-08-01 16:30:37
2018-08-01 18:12:59,2018-08-01 16:34:41,Felső csiga mell,Mell,10,15,2018-08-01 16:34:41
2018-08-01 18:12:59,2018-08-01 16:34:41,Felső csiga mell,Mell,14,12,2018-08-01 16:37:08
2018-08-01 18:12:59,2018-08-01 16:34:41,Felső csiga mell,Mell,16,10,2018-08-01 16:39:09
2018-08-01 18:12:59,2018-08-01 16:34:41,Felső csiga mell,Mell,16,10,2018-08-01 16:41:24
2018-08-18 17:38:35,2018-08-18 14:35:33,Tárogatás fekve,Mell,12,20,2018-08-18 14:35:33
2018-08-18 17:38:35,2018-08-18 14:35:33,Tárogatás fekve,Mell,16,15,2018-08-18 14:37:59
2018-08-18 17:38:35,2018-08-18 14:35:33,Tárogatás fekve,Mell,20,12,2018-08-18 14:41:02
2018-08-18 17:38:35,2018-08-18 14:35:33,Tárogatás fekve,Mell,20,12,2018-08-18 14:43:15
2018-08-18 17:38:35,2018-08-18 14:48:48,Fekvenyomás,Mell,60,15,2018-08-18 14:48:48
2018-08-18 17:38:35,2018-08-18 14:48:48,Fekvenyomás,Mell,80,6,2018-08-18 14:52:05
2018-08-18 17:38:35,2018-08-18 14:48:48,Fekvenyomás,Mell,80,6,2018-08-18 14:56:01
2018-08-18 17:38:35,2018-08-18 14:48:48,Fekvenyomás,Mell,80,6,2018-08-18 15:00:09
2018-08-18 17:38:35,2018-08-18 15:06:42,30°ba nyomás egykezessel,Mell,22,12,2018-08-18 15:06:42
2018-08-18 17:38:35,2018-08-18 15:06:42,30°ba nyomás egykezessel,Mell,22,10,2018-08-18 15:09:42
2018-08-18 17:38:35,2018-08-18 15:06:42,30°ba nyomás egykezessel,Mell,22,8,2018-08-18 15:12:06
2018-08-18 17:38:35,2018-08-18 15:06:42,30°ba nyomás egykezessel,Mell,22,8,2018-08-18 15:15:26
2018-08-18 17:38:35,2018-08-18 15:18:47,Felső csiga mell,Mell,10,15,2018-08-18 15:18:47
2018-08-18 17:38:35,2018-08-18 15:18:47,Felső csiga mell,Mell,14,12,2018-08-18 15:21:22
2018-08-18 17:38:35,2018-08-18 15:18:47,Felső csiga mell,Mell,14,12,2018-08-18 15:23:47
2018-08-18 17:38:35,2018-08-18 15:18:47,Felső csiga mell,Mell,14,12,2018-08-18 15:26:37
2018-08-18 17:38:35,2018-08-18 15:32:00,Lábemelés fekve,Has,1,10,2018-08-18 15:32:00
2018-08-18 17:38:35,2018-08-18 15:32:00,Lábemelés fekve,Has,1,10,2018-08-18 15:33:34
2018-08-18 17:38:35,2018-08-18 15:32:00,Lábemelés fekve,Has,1,10,2018-08-18 15:35:58
2018-08-18 17:38:35,2018-08-18 15:32:00,Lábemelés fekve,Has,1,10,2018-08-18 15:38:00
2018-08-24 21:40:48,2018-08-24 18:28:55,Állva kétkezessel bic,Bicepsz,30,12,2018-08-24 18:28:55
2018-08-24 21:40:48,2018-08-24 18:28:55,Állva kétkezessel bic,Bicepsz,30,10,2018-08-24 18:32:28
2018-08-24 21:40:48,2018-08-24 18:28:55,Állva kétkezessel bic,Bicepsz,50,8,2018-08-24 18:38:07
2018-08-24 21:40:48,2018-08-24 18:28:55,Állva kétkezessel bic,Bicepsz,50,8,2018-08-24 18:44:03
2018-08-24 21:40:48,2018-08-24 18:49:54,Scott padon egyk,Bicepsz,12,15,2018-08-24 18:49:54
2018-08-24 21:40:48,2018-08-24 18:49:54,Scott padon egyk,Bicepsz,16,12,2018-08-24 18:52:29
2018-08-24 21:40:48,2018-08-24 18:49:54,Scott padon egyk,Bicepsz,16,10,2018-08-24 18:54:44
2018-08-24 21:40:48,2018-08-24 18:49:54,Scott padon egyk,Bicepsz,16,8,2018-08-24 18:57:24
2018-08-24 21:40:48,2018-08-24 19:00:31,Felső csiga egyk,Bicepsz,10,12,2018-08-24 19:00:31
2018-08-24 21:40:48,2018-08-24 19:00:31,Felső csiga egyk,Bicepsz,10,12,2018-08-24 19:02:49
2018-08-24 21:40:48,2018-08-24 19:00:31,Felső csiga egyk,Bicepsz,14,10,2018-08-24 19:05:44
2018-08-24 21:40:48,2018-08-24 19:00:31,Felső csiga egyk,Bicepsz,14,10,2018-08-24 19:08:31
2018-08-24 21:40:48,2018-08-24 19:16:15,Homlokra engedés fr.,Tricepsz,20,15,2018-08-24 19:16:15
2018-08-24 21:40:48,2018-08-24 19:16:15,Homlokra engedés fr.,Tricepsz,24,12,2018-08-24 19:18:36
2018-08-24 21:40:48,2018-08-24 19:16:15,Homlokra engedés fr.,Tricepsz,24,12,2018-08-24 19:20:57
2018-08-24 21:40:48,2018-08-24 19:16:15,Homlokra engedés fr.,Tricepsz,28,10,2018-08-24 19:23:08
2018-08-24 21:40:48,2018-08-24 19:26:12,Lenyomás vassal cs.,Tricepsz,20,15,2018-08-24 19:26:12
2018-08-24 21:40:48,2018-08-24 19:26:12,Lenyomás vassal cs.,Tricepsz,30,8,2018-08-24 19:28:26
2018-08-24 21:40:48,2018-08-24 19:26:12,Lenyomás vassal cs.,Tricepsz,30,8,2018-08-24 19:30:49
2018-08-24 21:40:48,2018-08-24 19:26:12,Lenyomás vassal cs.,Tricepsz,20,10,2018-08-24 19:32:47
2018-08-24 21:40:48,2018-08-24 19:34:48,Lórúgás,Tricepsz,12,12,2018-08-24 19:34:48
2018-08-24 21:40:48,2018-08-24 19:34:48,Lórúgás,Tricepsz,12,12,2018-08-24 19:36:37
2018-08-24 21:40:48,2018-08-24 19:34:48,Lórúgás,Tricepsz,12,12,2018-08-24 19:38:20
2018-08-24 21:40:48,2018-08-24 19:34:48,Lórúgás,Tricepsz,12,12,2018-08-24 19:40:02
2018-09-05 14:42:39,2018-09-05 13:49:59,Fekvenyomás,Mell,60,10,2018-09-05 13:49:59
2018-09-05 14:42:39,2018-09-05 13:49:59,Fekvenyomás,Mell,80,10,2018-09-05 13:52:16
2018-09-05 14:42:39,2018-09-05 13:49:59,Fekvenyomás,Mell,80,8,2018-09-05 13:54:46
2018-09-05 14:42:39,2018-09-05 13:49:59,Fekvenyomás,Mell,80,6,2018-09-05 13:57:52
2018-09-05 14:42:39,2018-09-05 13:49:59,Fekvenyomás,Mell,90,4,2018-09-05 14:00:48
2018-09-05 14:42:39,2018-09-05 13:49:59,Fekvenyomás,Mell,90,4,2018-09-05 14:03:04
2018-09-05 14:42:39,2018-09-05 14:05:10,Felső csiga mell,Mell,10,15,2018-09-05 14:05:10
2018-09-05 14:42:39,2018-09-05 14:05:10,Felső csiga mell,Mell,14,12,2018-09-05 14:07:17
2018-09-05 14:42:39,2018-09-05 14:05:10,Felső csiga mell,Mell,14,12,2018-09-05 14:09:10
2018-09-05 14:42:39,2018-09-05 14:05:10,Felső csiga mell,Mell,14,12,2018-09-05 14:11:12
2018-09-05 14:42:39,2018-09-05 14:15:58,Kétkezes evezés szélesen,Hát,60,20,2018-09-05 14:15:58
2018-09-05 14:42:39,2018-09-05 14:15:58,Kétkezes evezés szélesen,Hát,80,10,2018-09-05 14:19:06
2018-09-05 14:42:39,2018-09-05 14:15:58,Kétkezes evezés szélesen,Hát,80,10,2018-09-05 14:21:48
2018-09-05 14:42:39,2018-09-05 14:15:58,Kétkezes evezés szélesen,Hát,80,10,2018-09-05 14:25:10
2018-09-05 14:42:39,2018-09-05 14:30:06,Evezés alsó csigán 3szöggel,Hát,50,12,2018-09-05 14:30:06
2018-09-05 14:42:39,2018-09-05 14:30:06,Evezés alsó csigán 3szöggel,Hát,60,12,2018-09-05 14:33:04
2018-09-05 14:42:39,2018-09-05 14:30:06,Evezés alsó csigán 3szöggel,Hát,60,12,2018-09-05 14:36:05
2018-09-05 14:42:39,2018-09-05 14:30:06,Evezés alsó csigán 3szöggel,Hát,60,12,2018-09-05 14:40:13
2018-12-22 18:30:29,2018-12-22 17:09:02,Fekvenyomás,Mell,60,20,2018-12-22 17:09:02
2018-12-22 18:30:29,2018-12-22 17:09:02,Fekvenyomás,Mell,80,8,2018-12-22 17:13:57
2018-12-22 18:30:29,2018-12-22 17:09:02,Fekvenyomás,Mell,80,8,2018-12-22 17:18:26
2018-12-22 18:30:29,2018-12-22 17:09:02,Fekvenyomás,Mell,80,8,2018-12-22 17:23:03
2018-12-22 18:30:29,2018-12-22 17:09:02,Fekvenyomás,Mell,90,3,2018-12-22 17:26:46
2018-12-22 18:30:29,2018-12-22 17:31:20,30°ba nyomás kétkezessel,Mell,40,12,2018-12-22 17:31:20
2018-12-22 18:30:29,2018-12-22 17:31:20,30°ba nyomás kétkezessel,Mell,40,10,2018-12-22 17:34:16
2018-12-22 18:30:29,2018-12-22 17:31:20,30°ba nyomás kétkezessel,Mell,50,10,2018-12-22 17:36:52
2018-12-22 18:30:29,2018-12-22 17:31:20,30°ba nyomás kétkezessel,Mell,50,10,2018-12-22 17:40:49
2018-12-22 18:30:29,2018-12-22 17:44:40,Tárogatás 30°ba,Mell,14,15,2018-12-22 17:44:40
2018-12-22 18:30:29,2018-12-22 17:44:40,Tárogatás 30°ba,Mell,18,10,2018-12-22 17:47:29
2018-12-22 18:30:29,2018-12-22 17:44:40,Tárogatás 30°ba,Mell,18,10,2018-12-22 17:50:06
2018-12-22 18:30:29,2018-12-22 17:44:40,Tárogatás 30°ba,Mell,18,8,2018-12-22 17:54:41
2018-12-22 18:30:29,2018-12-22 18:01:56,Felhúzás,Hát,40,10,2018-12-22 18:01:56
2018-12-22 18:30:29,2018-12-22 18:01:56,Felhúzás,Hát,60,5,2018-12-22 18:06:37
2018-12-22 18:30:29,2018-12-22 18:01:56,Felhúzás,Hát,60,5,2018-12-22 18:11:37
2018-12-22 18:30:29,2018-12-22 18:01:56,Felhúzás,Hát,80,5,2018-12-22 18:18:48
2018-12-22 18:30:29,2018-12-22 18:25:06,Lábemelés fekve,Has,1,15,2018-12-22 18:25:06
2018-12-22 18:30:29,2018-12-22 18:25:06,Lábemelés fekve,Has,1,15,2018-12-22 18:27:26
2018-12-22 18:30:29,2018-12-22 18:25:06,Lábemelés fekve,Has,1,15,2018-12-22 18:29:58
2018-12-23 20:11:29,2018-12-23 19:07:02,Kétkezes evezés szélesen,Hát,40,20,2018-12-23 19:07:02
2018-12-23 20:11:29,2018-12-23 19:07:02,Kétkezes evezés szélesen,Hát,60,20,2018-12-23 19:09:50
2018-12-23 20:11:29,2018-12-23 19:07:02,Kétkezes evezés szélesen,Hát,80,12,2018-12-23 19:13:12
2018-12-23 20:11:29,2018-12-23 19:07:02,Kétkezes evezés szélesen,Hát,90,7,2018-12-23 19:16:39
2018-12-23 20:11:29,2018-12-23 19:07:02,Kétkezes evezés szélesen,Hát,90,7,2018-12-23 19:20:16
2018-12-23 20:11:29,2018-12-23 19:25:24,Evezés alsó csigán 3szöggel,Hát,50,15,2018-12-23 19:25:24
2018-12-23 20:11:29,2018-12-23 19:25:24,Evezés alsó csigán 3szöggel,Hát,60,12,2018-12-23 19:28:43
2018-12-23 20:11:29,2018-12-23 19:25:24,Evezés alsó csigán 3szöggel,Hát,60,13,2018-12-23 19:30:49
2018-12-23 20:11:29,2018-12-23 19:25:24,Evezés alsó csigán 3szöggel,Hát,60,14,2018-12-23 19:34:23
2018-12-23 20:11:29,2018-12-23 19:38:01,Húzódzkodás szélesen,Hát,80,8,2018-12-23 19:38:01
2018-12-23 20:11:29,2018-12-23 19:38:01,Húzódzkodás szélesen,Hát,80,8,2018-12-23 19:39:53
2018-12-23 20:11:29,2018-12-23 19:38:01,Húzódzkodás szélesen,Hát,80,8,2018-12-23 19:42:45
2018-12-23 20:11:29,2018-12-23 19:38:01,Húzódzkodás szélesen,Hát,80,8,2018-12-23 19:45:46
2018-12-23 20:11:29,2018-12-23 19:48:43,Állig húzás,Csuklya,20,10,2018-12-23 19:48:43
2018-12-23 20:11:29,2018-12-23 19:48:43,Állig húzás,Csuklya,30,10,2018-12-23 19:50:33
2018-12-23 20:11:29,2018-12-23 19:48:43,Állig húzás,Csuklya,30,10,2018-12-23 19:52:54
2018-12-23 20:11:29,2018-12-23 19:48:43,Állig húzás,Csuklya,30,10,2018-12-23 19:54:54
2018-12-23 20:11:29,2018-12-23 19:56:59,Vállvonogatás,Csuklya,60,10,2018-12-23 19:56:59
2018-12-23 20:11:29,2018-12-23 19:56:59,Vállvonogatás,Csuklya,60,10,2018-12-23 19:58:24
2018-12-23 20:11:29,2018-12-23 19:56:59,Vállvonogatás,Csuklya,60,10,2018-12-23 19:59:57
2018-12-23 20:11:29,2018-12-23 19:56:59,Vállvonogatás,Csuklya,60,10,2018-12-23 20:01:45
2018-12-23 20:11:29,2018-12-23 20:05:37,Lábemelés fekve,Has,1,10,2018-12-23 20:05:37
2018-12-23 20:11:29,2018-12-23 20:05:37,Lábemelés fekve,Has,1,10,2018-12-23 20:07:20
2018-12-23 20:11:29,2018-12-23 20:05:37,Lábemelés fekve,Has,1,10,2018-12-23 20:09:40
2018-12-24 18:42:21,2018-12-24 17:21:07,Oldalemelés,Váll,8,20,2018-12-24 17:21:07
2018-12-24 18:42:21,2018-12-24 17:21:07,Oldalemelés,Váll,10,18,2018-12-24 17:24:27
2018-12-24 18:42:21,2018-12-24 17:21:07,Oldalemelés,Váll,14,15,2018-12-24 17:27:24
2018-12-24 18:42:21,2018-12-24 17:21:07,Oldalemelés,Váll,18,10,2018-12-24 17:30:06
2018-12-24 18:42:21,2018-12-24 17:21:07,Oldalemelés,Váll,18,10,2018-12-24 17:32:50
2018-12-24 18:42:21,2018-12-24 17:21:07,Oldalemelés,Váll,18,8,2018-12-24 17:35:25
2018-12-24 18:42:21,2018-12-24 17:38:23,Döntött törzsű Oldalemelés,Váll,12,12,2018-12-24 17:38:23
2018-12-24 18:42:21,2018-12-24 17:38:23,Döntött törzsű Oldalemelés,Váll,12,12,2018-12-24 17:40:13
2018-12-24 18:42:21,2018-12-24 17:38:23,Döntött törzsű Oldalemelés,Váll,12,12,2018-12-24 17:42:12
2018-12-24 18:42:21,2018-12-24 17:38:23,Döntött törzsű Oldalemelés,Váll,16,10,2018-12-24 17:45:38
2018-12-24 18:42:21,2018-12-24 17:38:23,Döntött törzsű Oldalemelés,Váll,20,10,2018-12-24 17:48:34
2018-12-24 18:42:21,2018-12-24 17:52:55,Elülső nyomás üllve,Váll,12,15,2018-12-24 17:52:55
2018-12-24 18:42:21,2018-12-24 17:52:55,Elülső nyomás üllve,Váll,16,12,2018-12-24 17:54:56
2018-12-24 18:42:21,2018-12-24 17:52:55,Elülső nyomás üllve,Váll,20,10,2018-12-24 17:57:50
2018-12-24 18:42:21,2018-12-24 17:52:55,Elülső nyomás üllve,Váll,20,10,2018-12-24 18:00:45
2018-12-24 18:42:21,2018-12-24 18:10:34,Lábnyújtás,Láb,40,15,2018-12-24 18:10:34
2018-12-24 18:42:21,2018-12-24 18:10:34,Lábnyújtás,Láb,40,12,2018-12-24 18:13:51
2018-12-24 18:42:21,2018-12-24 18:10:34,Lábnyújtás,Láb,40,15,2018-12-24 18:17:30
2018-12-24 18:42:21,2018-12-24 18:10:34,Lábnyújtás,Láb,40,15,2018-12-24 18:19:41
2018-12-24 18:42:21,2018-12-24 18:23:53,Egylábas lábhajlítás,Láb,10,10,2018-12-24 18:23:53
2018-12-24 18:42:21,2018-12-24 18:23:53,Egylábas lábhajlítás,Láb,10,10,2018-12-24 18:27:30
2018-12-24 18:42:21,2018-12-24 18:23:53,Egylábas lábhajlítás,Láb,10,10,2018-12-24 18:30:18
2018-12-24 18:42:21,2018-12-24 18:23:53,Egylábas lábhajlítás,Láb,10,10,2018-12-24 18:33:07
2018-12-24 18:42:21,2018-12-24 18:36:44,Vádli állva egylábon,Vádli,80,8,2018-12-24 18:36:44
2018-12-24 18:42:21,2018-12-24 18:36:44,Vádli állva egylábon,Vádli,80,10,2018-12-24 18:38:15
2018-12-24 18:42:21,2018-12-24 18:36:44,Vádli állva egylábon,Vádli,80,10,2018-12-24 18:39:57
2018-12-24 18:42:21,2018-12-24 18:36:44,Vádli állva egylábon,Vádli,80,10,2018-12-24 18:41:55
2018-12-26 18:00:16,2018-12-26 16:37:28,Állva kétkezessel bic,Bicepsz,30,10,2018-12-26 16:37:28
2018-12-26 18:00:16,2018-12-26 16:37:28,Állva kétkezessel bic,Bicepsz,40,8,2018-12-26 16:39:41
2018-12-26 18:00:16,2018-12-26 16:37:28,Állva kétkezessel bic,Bicepsz,40,8,2018-12-26 16:42:15
2018-12-26 18:00:16,2018-12-26 16:37:28,Állva kétkezessel bic,Bicepsz,40,8,2018-12-26 16:45:26
2018-12-26 18:00:16,2018-12-26 16:48:43,Üllve koncentrált bic,Bicepsz,12,12,2018-12-26 16:48:43
2018-12-26 18:00:16,2018-12-26 16:48:43,Üllve koncentrált bic,Bicepsz,16,8,2018-12-26 16:51:29
2018-12-26 18:00:16,2018-12-26 16:48:43,Üllve koncentrált bic,Bicepsz,16,8,2018-12-26 16:53:52
2018-12-26 18:00:16,2018-12-26 16:48:43,Üllve koncentrált bic,Bicepsz,20,8,2018-12-26 16:56:57
2018-12-26 18:00:16,2018-12-26 17:01:00,Scott padon egyk,Bicepsz,16,8,2018-12-26 17:01:00
2018-12-26 18:00:16,2018-12-26 17:01:00,Scott padon egyk,Bicepsz,16,8,2018-12-26 17:03:33
2018-12-26 18:00:16,2018-12-26 17:01:00,Scott padon egyk,Bicepsz,16,8,2018-12-26 17:06:03
2018-12-26 18:00:16,2018-12-26 17:01:00,Scott padon egyk,Bicepsz,16,8,2018-12-26 17:09:03
2018-12-26 18:00:16,2018-12-26 17:15:31,Homlokra engedés fr.,Tricepsz,20,15,2018-12-26 17:15:31
2018-12-26 18:00:16,2018-12-26 17:15:31,Homlokra engedés fr.,Tricepsz,30,8,2018-12-26 17:19:24
2018-12-26 18:00:16,2018-12-26 17:15:31,Homlokra engedés fr.,Tricepsz,30,8,2018-12-26 17:21:24
2018-12-26 18:00:16,2018-12-26 17:15:31,Homlokra engedés fr.,Tricepsz,30,8,2018-12-26 17:23:46
2018-12-26 18:00:16,2018-12-26 17:26:43,Lenyomás vassal cs.,Tricepsz,20,12,2018-12-26 17:26:43
2018-12-26 18:00:16,2018-12-26 17:26:43,Lenyomás vassal cs.,Tricepsz,20,15,2018-12-26 17:28:45
2018-12-26 18:00:16,2018-12-26 17:26:43,Lenyomás vassal cs.,Tricepsz,30,10,2018-12-26 17:31:04
2018-12-26 18:00:16,2018-12-26 17:26:43,Lenyomás vassal cs.,Tricepsz,30,12,2018-12-26 17:33:33
2018-12-26 18:00:16,2018-12-26 17:36:29,Lórúgás,Tricepsz,14,10,2018-12-26 17:36:29
2018-12-26 18:00:16,2018-12-26 17:36:29,Lórúgás,Tricepsz,14,10,2018-12-26 17:38:25
2018-12-26 18:00:16,2018-12-26 17:36:29,Lórúgás,Tricepsz,14,10,2018-12-26 17:40:49
2018-12-26 18:00:16,2018-12-26 17:36:29,Lórúgás,Tricepsz,14,10,2018-12-26 17:43:04
2018-12-26 18:00:16,2018-12-26 17:46:05,Lábemelés fekve,Has,1,10,2018-12-26 17:46:05
2018-12-26 18:00:16,2018-12-26 17:46:05,Lábemelés fekve,Has,1,10,2018-12-26 17:48:04
2018-12-26 18:00:16,2018-12-26 17:46:05,Lábemelés fekve,Has,1,10,2018-12-26 17:50:02
2018-12-26 18:00:16,2018-12-26 17:46:05,Lábemelés fekve,Has,1,10,2018-12-26 17:51:43
2018-12-26 18:00:16,2018-12-26 17:54:28,Állva csigás hasprés,Has,10,15,2018-12-26 17:54:28
2018-12-26 18:00:16,2018-12-26 17:54:28,Állva csigás hasprés,Has,15,8,2018-12-26 17:57:03
2018-12-26 18:00:16,2018-12-26 17:54:28,Állva csigás hasprés,Has,15,8,2018-12-26 17:59:02
2018-12-30 19:02:39,2018-12-30 17:31:04,Fekvenyomás,Mell,60,20,2018-12-30 17:31:04
2018-12-30 19:02:39,2018-12-30 17:31:04,Fekvenyomás,Mell,80,10,2018-12-30 17:34:39
2018-12-30 19:02:39,2018-12-30 17:31:04,Fekvenyomás,Mell,90,5,2018-12-30 17:38:36
2018-12-30 19:02:39,2018-12-30 17:31:04,Fekvenyomás,Mell,90,5,2018-12-30 17:42:27
2018-12-30 19:02:39,2018-12-30 17:46:31,30°ba nyomás kétkezessel,Mell,40,15,2018-12-30 17:46:31
2018-12-30 19:02:39,2018-12-30 17:46:31,30°ba nyomás kétkezessel,Mell,60,10,2018-12-30 17:50:15
2018-12-30 19:02:39,2018-12-30 17:46:31,30°ba nyomás kétkezessel,Mell,70,5,2018-12-30 17:53:59
2018-12-30 19:02:39,2018-12-30 17:46:31,30°ba nyomás kétkezessel,Mell,70,5,2018-12-30 17:57:08
2018-12-30 19:02:39,2018-12-30 18:01:17,Tárogatás fekve,Mell,16,15,2018-12-30 18:01:17
2018-12-30 19:02:39,2018-12-30 18:01:17,Tárogatás fekve,Mell,18,12,2018-12-30 18:05:00
2018-12-30 19:02:39,2018-12-30 18:01:17,Tárogatás fekve,Mell,18,12,2018-12-30 18:08:10
2018-12-30 19:02:39,2018-12-30 18:01:17,Tárogatás fekve,Mell,18,12,2018-12-30 18:12:06
2018-12-30 19:02:39,2018-12-30 18:18:14,Felhúzás,Hát,60,10,2018-12-30 18:18:14
2018-12-30 19:02:39,2018-12-30 18:18:14,Felhúzás,Hát,80,5,2018-12-30 18:22:36
2018-12-30 19:02:39,2018-12-30 18:18:14,Felhúzás,Hát,100,5,2018-12-30 18:28:18
2018-12-30 19:02:39,2018-12-30 18:18:14,Felhúzás,Hát,120,2,2018-12-30 18:33:50
2018-12-30 19:02:39,2018-12-30 18:18:14,Felhúzás,Hát,120,2,2018-12-30 18:40:52
2018-12-30 19:02:39,2018-12-30 18:48:06,Lábemelés fekve,Has,1,10,2018-12-30 18:48:06
2018-12-30 19:02:39,2018-12-30 18:48:06,Lábemelés fekve,Has,1,12,2018-12-30 18:49:46
2018-12-30 19:02:39,2018-12-30 18:48:06,Lábemelés fekve,Has,1,12,2018-12-30 18:51:25
2018-12-30 19:02:39,2018-12-30 18:48:06,Lábemelés fekve,Has,1,12,2018-12-30 18:53:21
2018-12-30 19:02:39,2018-12-30 18:55:46,Vádli állva egylábon,Vádli,80,10,2018-12-30 18:55:46
2018-12-30 19:02:39,2018-12-30 18:55:46,Vádli állva egylábon,Vádli,80,10,2018-12-30 18:57:27
2018-12-30 19:02:39,2018-12-30 18:55:46,Vádli állva egylábon,Vádli,80,10,2018-12-30 18:59:10
2018-12-30 19:02:39,2018-12-30 18:55:46,Vádli állva egylábon,Vádli,80,10,2018-12-30 19:01:06
2018-12-31 19:02:47,2018-12-31 17:15:49,Kétkezes evezés szélesen,Hát,60,20,2018-12-31 17:15:49
2018-12-31 19:02:47,2018-12-31 17:15:49,Kétkezes evezés szélesen,Hát,80,12,2018-12-31 17:18:49
2018-12-31 19:02:47,2018-12-31 17:15:49,Kétkezes evezés szélesen,Hát,90,10,2018-12-31 17:21:46
2018-12-31 19:02:47,2018-12-31 17:15:49,Kétkezes evezés szélesen,Hát,100,5,2018-12-31 17:26:50
2018-12-31 19:02:47,2018-12-31 17:15:49,Kétkezes evezés szélesen,Hát,100,5,2018-12-31 17:30:49
2018-12-31 19:02:47,2018-12-31 17:34:30,Evezés alsó csigán 3szöggel,Hát,50,15,2018-12-31 17:34:30
2018-12-31 19:02:47,2018-12-31 17:34:30,Evezés alsó csigán 3szöggel,Hát,70,10,2018-12-31 17:36:42
2018-12-31 19:02:47,2018-12-31 17:34:30,Evezés alsó csigán 3szöggel,Hát,70,10,2018-12-31 17:39:31
2018-12-31 19:02:47,2018-12-31 17:34:30,Evezés alsó csigán 3szöggel,Hát,70,10,2018-12-31 17:42:33
2018-12-31 19:02:47,2018-12-31 17:45:24,Húzódzkodás szélesen,Hát,80,10,2018-12-31 17:45:24
2018-12-31 19:02:47,2018-12-31 17:45:24,Húzódzkodás szélesen,Hát,80,8,2018-12-31 17:47:19
2018-12-31 19:02:47,2018-12-31 17:45:24,Húzódzkodás szélesen,Hát,80,8,2018-12-31 17:49:33
2018-12-31 19:02:47,2018-12-31 17:45:24,Húzódzkodás szélesen,Hát,80,8,2018-12-31 17:52:26
2018-12-31 19:02:47,2018-12-31 17:57:28,Merev karú lehúzás,Hát,20,10,2018-12-31 17:57:28
2018-12-31 19:02:47,2018-12-31 17:57:28,Merev karú lehúzás,Hát,20,10,2018-12-31 17:59:15
2018-12-31 19:02:47,2018-12-31 17:57:28,Merev karú lehúzás,Hát,20,10,2018-12-31 18:02:00
2018-12-31 19:02:47,2018-12-31 17:57:28,Merev karú lehúzás,Hát,20,10,2018-12-31 18:04:02
2018-12-31 19:02:47,2018-12-31 18:06:53,Állig húzás,Csuklya,20,10,2018-12-31 18:06:53
2018-12-31 19:02:47,2018-12-31 18:06:53,Állig húzás,Csuklya,30,10,2018-12-31 18:08:36
2018-12-31 19:02:47,2018-12-31 18:06:53,Állig húzás,Csuklya,40,6,2018-12-31 18:10:57
2018-12-31 19:02:47,2018-12-31 18:06:53,Állig húzás,Csuklya,40,7,2018-12-31 18:13:42
2018-12-31 19:02:47,2018-12-31 18:16:16,Vállvonogatás,Csuklya,60,10,2018-12-31 18:16:16
2018-12-31 19:02:47,2018-12-31 18:16:16,Vállvonogatás,Csuklya,80,10,2018-12-31 18:18:11
2018-12-31 19:02:47,2018-12-31 18:16:16,Vállvonogatás,Csuklya,80,10,2018-12-31 18:20:15
2018-12-31 19:02:47,2018-12-31 18:16:16,Vállvonogatás,Csuklya,100,6,2018-12-31 18:23:02
2018-12-31 19:02:47,2018-12-31 18:16:16,Vállvonogatás,Csuklya,100,5,2018-12-31 18:25:27
2018-12-31 19:02:47,2018-12-31 18:29:56,Lábemelés fekve,Has,1,12,2018-12-31 18:29:56
2018-12-31 19:02:47,2018-12-31 18:29:56,Lábemelés fekve,Has,1,15,2018-12-31 18:32:10
2018-12-31 19:02:47,2018-12-31 18:29:56,Lábemelés fekve,Has,1,15,2018-12-31 18:34:26
2018-12-31 19:02:47,2018-12-31 18:29:56,Lábemelés fekve,Has,1,15,2018-12-31 18:37:08
2018-12-31 19:02:47,2018-12-31 18:43:05,Állva csigás hasprés,Has,10,10,2018-12-31 18:43:05
2018-12-31 19:02:47,2018-12-31 18:43:05,Állva csigás hasprés,Has,15,8,2018-12-31 18:45:36
2018-12-31 19:02:47,2018-12-31 18:43:05,Állva csigás hasprés,Has,15,10,2018-12-31 18:48:50
2018-12-31 19:02:47,2018-12-31 18:43:05,Állva csigás hasprés,Has,20,12,2018-12-31 18:52:04
2018-12-31 19:02:47,2018-12-31 18:43:05,Állva csigás hasprés,Has,20,15,2018-12-31 18:55:19
2018-12-31 19:02:47,2018-12-31 18:57:35,Vádli állva egylábon,Vádli,80,12,2018-12-31 18:57:35
2018-12-31 19:02:47,2018-12-31 18:57:35,Vádli állva egylábon,Vádli,80,12,2018-12-31 18:59:25
2018-12-31 19:02:47,2018-12-31 18:57:35,Vádli állva egylábon,Vádli,80,10,2018-12-31 19:02:11
2018-12-31 19:02:47,2018-12-31 18:57:35,Vádli állva egylábon,Vádli,80,10,2018-12-31 19:02:13
2019-01-01 19:49:34,2019-01-01 18:14:51,Oldalemelés,Váll,10,20,2019-01-01 18:14:51
2019-01-01 19:49:34,2019-01-01 18:14:51,Oldalemelés,Váll,12,15,2019-01-01 18:17:43
2019-01-01 19:49:34,2019-01-01 18:14:51,Oldalemelés,Váll,16,13,2019-01-01 18:20:47
2019-01-01 19:49:34,2019-01-01 18:14:51,Oldalemelés,Váll,20,8,2019-01-01 18:24:11
2019-01-01 19:49:34,2019-01-01 18:14:51,Oldalemelés,Váll,20,12,2019-01-01 18:26:54
2019-01-01 19:49:34,2019-01-01 18:14:51,Oldalemelés,Váll,20,10,2019-01-01 18:30:04
2019-01-01 19:49:34,2019-01-01 18:33:48,Döntött törzsű Oldalemelés,Váll,12,15,2019-01-01 18:33:48
2019-01-01 19:49:34,2019-01-01 18:33:48,Döntött törzsű Oldalemelés,Váll,16,12,2019-01-01 18:35:58
2019-01-01 19:49:34,2019-01-01 18:33:48,Döntött törzsű Oldalemelés,Váll,16,12,2019-01-01 18:38:04
2019-01-01 19:49:34,2019-01-01 18:33:48,Döntött törzsű Oldalemelés,Váll,16,12,2019-01-01 18:40:29
2019-01-01 19:49:34,2019-01-01 18:33:48,Döntött törzsű Oldalemelés,Váll,20,12,2019-01-01 18:43:48
2019-01-01 19:49:34,2019-01-01 18:47:24,Elülső nyomás üllve,Váll,12,20,2019-01-01 18:47:24
2019-01-01 19:49:34,2019-01-01 18:47:24,Elülső nyomás üllve,Váll,16,15,2019-01-01 18:50:03
2019-01-01 19:49:34,2019-01-01 18:47:24,Elülső nyomás üllve,Váll,22,10,2019-01-01 18:53:22
2019-01-01 19:49:34,2019-01-01 18:47:24,Elülső nyomás üllve,Váll,22,12,2019-01-01 18:57:23
2019-01-01 19:49:34,2019-01-01 19:03:06,Lábnyújtás,Láb,40,20,2019-01-01 19:03:06
2019-01-01 19:49:34,2019-01-01 19:03:06,Lábnyújtás,Láb,60,15,2019-01-01 19:05:47
2019-01-01 19:49:34,2019-01-01 19:03:06,Lábnyújtás,Láb,60,15,2019-01-01 19:09:39
2019-01-01 19:49:34,2019-01-01 19:03:06,Lábnyújtás,Láb,60,15,2019-01-01 19:12:37
2019-01-01 19:49:34,2019-01-01 19:17:24,Egylábas lábhajlítás,Láb,10,10,2019-01-01 19:17:24
2019-01-01 19:49:34,2019-01-01 19:17:24,Egylábas lábhajlítás,Láb,10,10,2019-01-01 19:20:09
2019-01-01 19:49:34,2019-01-01 19:17:24,Egylábas lábhajlítás,Láb,10,12,2019-01-01 19:23:00
2019-01-01 19:49:34,2019-01-01 19:17:24,Egylábas lábhajlítás,Láb,10,12,2019-01-01 19:26:34
2019-01-01 19:49:34,2019-01-01 19:34:17,Vádli állva egylábon,Vádli,80,12,2019-01-01 19:34:17
2019-01-01 19:49:34,2019-01-01 19:34:17,Vádli állva egylábon,Vádli,80,12,2019-01-01 19:34:19
2019-01-01 19:49:34,2019-01-01 19:34:17,Vádli állva egylábon,Vádli,80,12,2019-01-01 19:37:21
2019-01-01 19:49:34,2019-01-01 19:34:17,Vádli állva egylábon,Vádli,80,12,2019-01-01 19:37:23
2019-01-01 19:49:34,2019-01-01 19:41:16,Lábemelés fekve,Has,1,12,2019-01-01 19:41:16
2019-01-01 19:49:34,2019-01-01 19:41:16,Lábemelés fekve,Has,1,12,2019-01-01 19:45:02
2019-01-01 19:49:34,2019-01-01 19:41:16,Lábemelés fekve,Has,1,12,2019-01-01 19:46:40
2019-01-01 19:49:34,2019-01-01 19:41:16,Lábemelés fekve,Has,1,12,2019-01-01 19:48:52
2019-01-02 21:02:14,2019-01-02 19:53:57,Állva kétkezessel bic,Bicepsz,30,12,2019-01-02 19:53:57
2019-01-02 21:02:14,2019-01-02 19:53:57,Állva kétkezessel bic,Bicepsz,30,12,2019-01-02 19:56:11
2019-01-02 21:02:14,2019-01-02 19:53:57,Állva kétkezessel bic,Bicepsz,40,9,2019-01-02 19:58:52
2019-01-02 21:02:14,2019-01-02 19:53:57,Állva kétkezessel bic,Bicepsz,40,9,2019-01-02 20:01:29
2019-01-02 21:02:14,2019-01-02 19:53:57,Állva kétkezessel bic,Bicepsz,40,9,2019-01-02 20:04:26
2019-01-02 21:02:14,2019-01-02 20:07:17,Üllve koncentrált bic,Bicepsz,12,10,2019-01-02 20:07:17
2019-01-02 21:02:14,2019-01-02 20:07:17,Üllve koncentrált bic,Bicepsz,16,10,2019-01-02 20:09:24
2019-01-02 21:02:14,2019-01-02 20:07:17,Üllve koncentrált bic,Bicepsz,20,8,2019-01-02 20:12:29
2019-01-02 21:02:14,2019-01-02 20:07:17,Üllve koncentrált bic,Bicepsz,20,8,2019-01-02 20:15:46
2019-01-02 21:02:14,2019-01-02 20:19:01,Scott padon egyk,Bicepsz,12,12,2019-01-02 20:19:01
2019-01-02 21:02:14,2019-01-02 20:19:01,Scott padon egyk,Bicepsz,16,6,2019-01-02 20:21:15
2019-01-02 21:02:14,2019-01-02 20:19:01,Scott padon egyk,Bicepsz,16,6,2019-01-02 20:23:41
2019-01-02 21:02:14,2019-01-02 20:19:01,Scott padon egyk,Bicepsz,16,6,2019-01-02 20:26:30
2019-01-02 21:02:14,2019-01-02 20:28:58,Lenyomás vassal cs.,Tricepsz,20,20,2019-01-02 20:28:58
2019-01-02 21:02:14,2019-01-02 20:28:58,Lenyomás vassal cs.,Tricepsz,30,12,2019-01-02 20:31:04
2019-01-02 21:02:14,2019-01-02 20:28:58,Lenyomás vassal cs.,Tricepsz,30,12,2019-01-02 20:32:42
2019-01-02 21:02:14,2019-01-02 20:28:58,Lenyomás vassal cs.,Tricepsz,40,10,2019-01-02 20:34:57
2019-01-02 21:02:14,2019-01-02 20:28:58,Lenyomás vassal cs.,Tricepsz,40,10,2019-01-02 20:37:21
2019-01-02 21:02:14,2019-01-02 20:40:14,Homlokra engedés egy.,Tricepsz,12,10,2019-01-02 20:40:14
2019-01-02 21:02:14,2019-01-02 20:40:14,Homlokra engedés egy.,Tricepsz,14,6,2019-01-02 20:42:18
2019-01-02 21:02:14,2019-01-02 20:40:14,Homlokra engedés egy.,Tricepsz,14,6,2019-01-02 20:44:41
2019-01-02 21:02:14,2019-01-02 20:40:14,Homlokra engedés egy.,Tricepsz,14,7,2019-01-02 20:46:54
2019-01-02 21:02:14,2019-01-02 20:48:59,Lenyomás kötéllel cs.,Tricepsz,20,8,2019-01-02 20:48:59
2019-01-02 21:02:14,2019-01-02 20:48:59,Lenyomás kötéllel cs.,Tricepsz,20,8,2019-01-02 20:51:38
2019-01-02 21:02:14,2019-01-02 20:48:59,Lenyomás kötéllel cs.,Tricepsz,20,8,2019-01-02 20:53:52
2019-01-02 21:02:14,2019-01-02 20:48:59,Lenyomás kötéllel cs.,Tricepsz,20,8,2019-01-02 20:55:44
2019-01-02 21:02:14,2019-01-02 20:58:11,Vádli állva egylábon,Vádli,80,12,2019-01-02 20:58:11
2019-01-02 21:02:14,2019-01-02 20:58:11,Vádli állva egylábon,Vádli,80,12,2019-01-02 20:58:12
2019-01-02 21:02:14,2019-01-02 20:58:11,Vádli állva egylábon,Vádli,80,12,2019-01-02 21:01:31
2019-01-02 21:02:14,2019-01-02 20:58:11,Vádli állva egylábon,Vádli,80,12,2019-01-02 21:01:32
2019-01-05 18:53:19,2019-01-05 16:50:08,Fekvenyomás,Mell,60,20,2019-01-05 16:50:08
2019-01-05 18:53:19,2019-01-05 16:50:08,Fekvenyomás,Mell,80,8,2019-01-05 16:53:49
2019-01-05 18:53:19,2019-01-05 16:50:08,Fekvenyomás,Mell,90,5,2019-01-05 16:58:31
2019-01-05 18:53:19,2019-01-05 16:50:08,Fekvenyomás,Mell,90,4,2019-01-05 17:03:48
2019-01-05 18:53:19,2019-01-05 16:50:08,Fekvenyomás,Mell,90,3,2019-01-05 17:07:18
2019-01-05 18:53:19,2019-01-05 17:13:11,30°ba nyomás kétkezessel,Mell,40,20,2019-01-05 17:13:11
2019-01-05 18:53:19,2019-01-05 17:13:11,30°ba nyomás kétkezessel,Mell,60,10,2019-01-05 17:17:46
2019-01-05 18:53:19,2019-01-05 17:13:11,30°ba nyomás kétkezessel,Mell,70,7,2019-01-05 17:22:45
2019-01-05 18:53:19,2019-01-05 17:13:11,30°ba nyomás kétkezessel,Mell,70,7,2019-01-05 17:27:04
2019-01-05 18:53:19,2019-01-05 17:32:20,Tárogatás fekve,Mell,16,15,2019-01-05 17:32:20
2019-01-05 18:53:19,2019-01-05 17:32:20,Tárogatás fekve,Mell,16,15,2019-01-05 17:35:13
2019-01-05 18:53:19,2019-01-05 17:32:20,Tárogatás fekve,Mell,18,10,2019-01-05 17:38:34
2019-01-05 18:53:19,2019-01-05 17:32:20,Tárogatás fekve,Mell,18,12,2019-01-05 17:41:09
2019-01-05 18:53:19,2019-01-05 17:48:56,Felhúzás,Hát,60,10,2019-01-05 17:48:56
2019-01-05 18:53:19,2019-01-05 17:48:56,Felhúzás,Hát,80,8,2019-01-05 17:52:40
2019-01-05 18:53:19,2019-01-05 17:48:56,Felhúzás,Hát,100,8,2019-01-05 17:58:30
2019-01-05 18:53:19,2019-01-05 17:48:56,Felhúzás,Hát,120,2,2019-01-05 18:05:15
2019-01-05 18:53:19,2019-01-05 17:48:56,Felhúzás,Hát,120,1,2019-01-05 18:09:40
2019-01-05 18:53:19,2019-01-05 18:19:53,Lábemelés fekve,Has,1,10,2019-01-05 18:19:53
2019-01-05 18:53:19,2019-01-05 18:19:53,Lábemelés fekve,Has,1,15,2019-01-05 18:22:16
2019-01-05 18:53:19,2019-01-05 18:19:53,Lábemelés fekve,Has,1,15,2019-01-05 18:24:33
2019-01-05 18:53:19,2019-01-05 18:19:53,Lábemelés fekve,Has,1,15,2019-01-05 18:27:36
2019-01-05 18:53:19,2019-01-05 18:33:24,Állva csigás hasprés,Has,10,10,2019-01-05 18:33:24
2019-01-05 18:53:19,2019-01-05 18:33:24,Állva csigás hasprés,Has,20,15,2019-01-05 18:36:42
2019-01-05 18:53:19,2019-01-05 18:33:24,Állva csigás hasprés,Has,20,15,2019-01-05 18:39:32
2019-01-05 18:53:19,2019-01-05 18:33:24,Állva csigás hasprés,Has,30,8,2019-01-05 18:43:49
2019-01-05 18:53:19,2019-01-05 18:47:55,Vádli állva egylábon,Vádli,80,15,2019-01-05 18:47:55
2019-01-05 18:53:19,2019-01-05 18:47:55,Vádli állva egylábon,Vádli,80,12,2019-01-05 18:48:02
2019-01-05 18:53:19,2019-01-05 18:47:55,Vádli állva egylábon,Vádli,80,15,2019-01-05 18:51:50
2019-01-05 18:53:19,2019-01-05 18:47:55,Vádli állva egylábon,Vádli,80,12,2019-01-05 18:51:54
2019-01-06 18:37:44,2019-01-06 17:40:29,Kétkezes evezés szélesen,Hát,60,20,2019-01-06 17:40:29
2019-01-06 18:37:44,2019-01-06 17:40:29,Kétkezes evezés szélesen,Hát,80,12,2019-01-06 17:43:49
2019-01-06 18:37:44,2019-01-06 17:40:29,Kétkezes evezés szélesen,Hát,100,8,2019-01-06 17:48:18
2019-01-06 18:37:44,2019-01-06 17:40:29,Kétkezes evezés szélesen,Hát,100,5,2019-01-06 17:52:57
2019-01-06 18:37:44,2019-01-06 17:40:29,Kétkezes evezés szélesen,Hát,100,5,2019-01-06 18:00:26
2019-01-06 18:37:44,2019-01-06 17:40:29,Kétkezes evezés szélesen,Hát,94,6,2019-01-06 18:06:35
2019-01-06 18:37:44,2019-01-06 18:11:08,Evezés alsó csigán 3szöggel,Hát,50,15,2019-01-06 18:11:08
2019-01-06 18:37:44,2019-01-06 18:11:08,Evezés alsó csigán 3szöggel,Hát,70,9,2019-01-06 18:14:32
2019-01-06 18:37:44,2019-01-06 18:11:08,Evezés alsó csigán 3szöggel,Hát,50,15,2019-01-06 18:20:33
2019-01-06 18:37:44,2019-01-06 18:25:09,Húzódzkodás szélesen,Hát,80,10,2019-01-06 18:25:09
2019-01-06 18:37:44,2019-01-06 18:25:09,Húzódzkodás szélesen,Hát,80,10,2019-01-06 18:30:11
2019-01-06 18:37:44,2019-01-06 18:25:09,Húzódzkodás szélesen,Hát,80,10,2019-01-06 18:34:15
2019-01-06 18:37:44,2019-01-06 18:25:09,Húzódzkodás szélesen,Hát,80,10,2019-01-06 18:36:40
2019-01-25 21:15:26,2019-01-25 20:13:36,Fekvenyomás,Mell,60,20,2019-01-25 20:13:36
2019-01-25 21:15:26,2019-01-25 20:13:36,Fekvenyomás,Mell,80,10,2019-01-25 20:17:01
2019-01-25 21:15:26,2019-01-25 20:13:36,Fekvenyomás,Mell,90,4,2019-01-25 20:20:45
2019-01-25 21:15:26,2019-01-25 20:13:36,Fekvenyomás,Mell,90,6,2019-01-25 20:26:19
2019-01-25 21:15:26,2019-01-25 20:13:36,Fekvenyomás,Mell,90,6,2019-01-25 20:31:48
2019-01-25 21:15:26,2019-01-25 20:35:56,30°ba nyomás egykezessel,Mell,16,15,2019-01-25 20:35:56
2019-01-25 21:15:26,2019-01-25 20:35:56,30°ba nyomás egykezessel,Mell,22,14,2019-01-25 20:40:06
2019-01-25 21:15:26,2019-01-25 20:35:56,30°ba nyomás egykezessel,Mell,22,10,2019-01-25 20:43:48
2019-01-25 21:15:26,2019-01-25 20:35:56,30°ba nyomás egykezessel,Mell,22,9,2019-01-25 20:47:21
2019-01-25 21:15:26,2019-01-25 20:53:07,Felső csiga mell,Mell,10,15,2019-01-25 20:53:07
2019-01-25 21:15:26,2019-01-25 20:53:07,Felső csiga mell,Mell,15,10,2019-01-25 20:56:17
2019-01-25 21:15:26,2019-01-25 20:53:07,Felső csiga mell,Mell,15,10,2019-01-25 20:58:46
2019-01-25 21:15:26,2019-01-25 20:53:07,Felső csiga mell,Mell,15,10,2019-01-25 21:02:24
2019-01-25 21:15:26,2019-01-25 21:07:12,Tárogatás fekve,Mell,16,10,2019-01-25 21:07:12
2019-01-25 21:15:26,2019-01-25 21:07:12,Tárogatás fekve,Mell,16,10,2019-01-25 21:10:32
2019-01-25 21:15:26,2019-01-25 21:07:12,Tárogatás fekve,Mell,16,10,2019-01-25 21:14:02
2019-03-23 17:55:15,2019-03-23 16:44:12,Fekvenyomás,Mell,60,10,2019-03-23 16:44:12
2019-03-23 17:55:15,2019-03-23 16:44:12,Fekvenyomás,Mell,60,10,2019-03-23 16:45:52
2019-03-23 17:55:15,2019-03-23 16:44:12,Fekvenyomás,Mell,60,10,2019-03-23 16:48:01
2019-03-23 17:55:15,2019-03-23 16:44:12,Fekvenyomás,Mell,60,10,2019-03-23 16:51:42
2019-03-23 17:55:15,2019-03-23 16:55:55,Tárogatás fekve,Mell,12,15,2019-03-23 16:55:55
2019-03-23 17:55:15,2019-03-23 16:55:55,Tárogatás fekve,Mell,12,15,2019-03-23 16:57:58
2019-03-23 17:55:15,2019-03-23 16:55:55,Tárogatás fekve,Mell,12,15,2019-03-23 17:00:45
2019-03-23 17:55:15,2019-03-23 16:55:55,Tárogatás fekve,Mell,12,15,2019-03-23 17:02:37
2019-03-23 17:55:15,2019-03-23 17:09:50,Felhúzás merev lábbal,Láb,40,10,2019-03-23 17:09:50
2019-03-23 17:55:15,2019-03-23 17:09:50,Felhúzás merev lábbal,Láb,40,10,2019-03-23 17:11:59
2019-03-23 17:55:15,2019-03-23 17:09:50,Felhúzás merev lábbal,Láb,40,10,2019-03-23 17:15:42
2019-03-23 17:55:15,2019-03-23 17:09:50,Felhúzás merev lábbal,Láb,40,10,2019-03-23 17:18:54
2019-03-23 17:55:15,2019-03-23 17:24:09,Oldalemelés,Váll,10,10,2019-03-23 17:24:09
2019-03-23 17:55:15,2019-03-23 17:24:09,Oldalemelés,Váll,10,20,2019-03-23 17:27:44
2019-03-23 17:55:15,2019-03-23 17:24:09,Oldalemelés,Váll,10,20,2019-03-23 17:29:48
2019-03-23 17:55:15,2019-03-23 17:24:09,Oldalemelés,Váll,10,15,2019-03-23 17:32:35
2019-03-23 17:55:15,2019-03-23 17:35:37,Döntött törzsű Oldalemelés,Váll,10,12,2019-03-23 17:35:37
2019-03-23 17:55:15,2019-03-23 17:35:37,Döntött törzsű Oldalemelés,Váll,10,12,2019-03-23 17:38:12
2019-03-23 17:55:15,2019-03-23 17:35:37,Döntött törzsű Oldalemelés,Váll,10,12,2019-03-23 17:41:56
2019-03-23 17:55:15,2019-03-23 17:35:37,Döntött törzsű Oldalemelés,Váll,10,12,2019-03-23 17:44:01
2019-03-23 17:55:15,2019-03-23 17:49:22,Lábemelés fekve,Has,1,10,2019-03-23 17:49:22
2019-03-23 17:55:15,2019-03-23 17:49:22,Lábemelés fekve,Has,1,10,2019-03-23 17:51:14
2019-03-23 17:55:15,2019-03-23 17:49:22,Lábemelés fekve,Has,1,10,2019-03-23 17:53:41
2019-04-13 15:39:08,2019-04-13 14:14:59,30°ba nyomás kétkezessel,Mell,40,15,2019-04-13 14:14:59
2019-04-13 15:39:08,2019-04-13 14:14:59,30°ba nyomás kétkezessel,Mell,40,15,2019-04-13 14:17:15
2019-04-13 15:39:08,2019-04-13 14:14:59,30°ba nyomás kétkezessel,Mell,50,10,2019-04-13 14:19:34
2019-04-13 15:39:08,2019-04-13 14:14:59,30°ba nyomás kétkezessel,Mell,50,10,2019-04-13 14:22:06
2019-04-13 15:39:08,2019-04-13 14:14:59,30°ba nyomás kétkezessel,Mell,60,8,2019-04-13 14:24:39
2019-04-13 15:39:08,2019-04-13 14:28:34,Tárogatás 30°ba,Mell,12,15,2019-04-13 14:28:34
2019-04-13 15:39:08,2019-04-13 14:28:34,Tárogatás 30°ba,Mell,14,12,2019-04-13 14:31:13
2019-04-13 15:39:08,2019-04-13 14:28:34,Tárogatás 30°ba,Mell,14,12,2019-04-13 14:33:25
2019-04-13 15:39:08,2019-04-13 14:28:34,Tárogatás 30°ba,Mell,14,12,2019-04-13 14:35:49
2019-04-13 15:39:08,2019-04-13 14:40:39,Fekvenyomás egykezessel,Mell,22,8,2019-04-13 14:40:39
2019-04-13 15:39:08,2019-04-13 14:40:39,Fekvenyomás egykezessel,Mell,22,8,2019-04-13 14:43:21
2019-04-13 15:39:08,2019-04-13 14:40:39,Fekvenyomás egykezessel,Mell,22,8,2019-04-13 14:46:03
2019-04-13 15:39:08,2019-04-13 14:40:39,Fekvenyomás egykezessel,Mell,22,8,2019-04-13 14:49:08
2019-04-13 15:39:08,2019-04-13 14:51:46,Felső csiga mell,Mell,10,12,2019-04-13 14:51:46
2019-04-13 15:39:08,2019-04-13 14:51:46,Felső csiga mell,Mell,10,12,2019-04-13 14:53:38
2019-04-13 15:39:08,2019-04-13 14:51:46,Felső csiga mell,Mell,14,8,2019-04-13 14:55:44
2019-04-13 15:39:08,2019-04-13 14:51:46,Felső csiga mell,Mell,14,8,2019-04-13 14:57:57
2019-04-13 15:39:08,2019-04-13 15:01:34,Húzódzkodás szélesen,Hát,80,10,2019-04-13 15:01:34
2019-04-13 15:39:08,2019-04-13 15:01:34,Húzódzkodás szélesen,Hát,80,12,2019-04-13 15:03:38
2019-04-13 15:39:08,2019-04-13 15:01:34,Húzódzkodás szélesen,Hát,80,8,2019-04-13 15:06:19
2019-04-13 15:39:08,2019-04-13 15:01:34,Húzódzkodás szélesen,Hát,80,8,2019-04-13 15:08:47
2019-04-13 15:39:08,2019-04-13 15:12:25,Lehúzás szélesen mellhez,Hát,40,12,2019-04-13 15:12:25
2019-04-13 15:39:08,2019-04-13 15:12:25,Lehúzás szélesen mellhez,Hát,50,10,2019-04-13 15:16:14
2019-04-13 15:39:08,2019-04-13 15:12:25,Lehúzás szélesen mellhez,Hát,50,8,2019-04-13 15:18:17
2019-04-13 15:39:08,2019-04-13 15:12:25,Lehúzás szélesen mellhez,Hát,50,8,2019-04-13 15:21:45
2019-04-13 15:39:08,2019-04-13 15:26:54,Kétkezes evezés szélesen,Hát,40,10,2019-04-13 15:26:54
2019-04-13 15:39:08,2019-04-13 15:26:54,Kétkezes evezés szélesen,Hát,40,10,2019-04-13 15:28:46
2019-04-13 15:39:08,2019-04-13 15:26:54,Kétkezes evezés szélesen,Hát,40,10,2019-04-13 15:30:34
2019-04-13 15:39:08,2019-04-13 15:26:54,Kétkezes evezés szélesen,Hát,40,15,2019-04-13 15:32:36
2019-04-13 15:39:08,2019-04-13 15:35:25,Lábemelés fekve,Has,1,10,2019-04-13 15:35:25
2019-04-13 15:39:08,2019-04-13 15:35:25,Lábemelés fekve,Has,1,10,2019-04-13 15:37:18
2019-04-13 15:39:08,2019-04-13 15:35:25,Lábemelés fekve,Has,1,6,2019-04-13 15:38:48
2019-04-14 14:04:44,2019-04-14 13:10:41,Állig húzás,Csuklya,20,10,2019-04-14 13:10:41
2019-04-14 14:04:44,2019-04-14 13:10:41,Állig húzás,Csuklya,30,10,2019-04-14 13:12:33
2019-04-14 14:04:44,2019-04-14 13:10:41,Állig húzás,Csuklya,30,12,2019-04-14 13:15:11
2019-04-14 14:04:44,2019-04-14 13:10:41,Állig húzás,Csuklya,30,12,2019-04-14 13:17:21
2019-04-14 14:04:44,2019-04-14 13:10:41,Állig húzás,Csuklya,34,10,2019-04-14 13:19:41
2019-04-14 14:04:44,2019-04-14 13:22:51,Vállvonogatás,Csuklya,60,12,2019-04-14 13:22:51
2019-04-14 14:04:44,2019-04-14 13:22:51,Vállvonogatás,Csuklya,60,12,2019-04-14 13:24:13
2019-04-14 14:04:44,2019-04-14 13:22:51,Vállvonogatás,Csuklya,80,10,2019-04-14 13:26:30
2019-04-14 14:04:44,2019-04-14 13:22:51,Vállvonogatás,Csuklya,80,10,2019-04-14 13:28:18
2019-04-14 14:04:44,2019-04-14 13:35:01,Állva kétkezessel bic,Bicepsz,30,10,2019-04-14 13:35:01
2019-04-14 14:04:44,2019-04-14 13:35:01,Állva kétkezessel bic,Bicepsz,30,10,2019-04-14 13:37:29
2019-04-14 14:04:44,2019-04-14 13:35:01,Állva kétkezessel bic,Bicepsz,30,10,2019-04-14 13:39:42
2019-04-14 14:04:44,2019-04-14 13:43:26,Üllve koncentrált bic,Bicepsz,12,10,2019-04-14 13:43:26
2019-04-14 14:04:44,2019-04-14 13:43:26,Üllve koncentrált bic,Bicepsz,12,10,2019-04-14 13:45:31
2019-04-14 14:04:44,2019-04-14 13:43:26,Üllve koncentrált bic,Bicepsz,12,10,2019-04-14 13:47:48
2019-04-14 14:04:44,2019-04-14 13:52:25,Homlokra engedés fr.,Tricepsz,20,15,2019-04-14 13:52:25
2019-04-14 14:04:44,2019-04-14 13:52:25,Homlokra engedés fr.,Tricepsz,20,13,2019-04-14 13:55:31
2019-04-14 14:04:44,2019-04-14 13:52:25,Homlokra engedés fr.,Tricepsz,20,13,2019-04-14 13:58:42
2019-04-14 14:04:44,2019-04-14 14:04:33,Lórúgás,Tricepsz,12,10,2019-04-14 14:04:33
2019-04-14 14:04:44,2019-04-14 14:04:33,Lórúgás,Tricepsz,12,10,2019-04-14 14:04:36
2019-04-14 14:04:44,2019-04-14 14:04:33,Lórúgás,Tricepsz,12,10,2019-04-14 14:04:38
2019-04-18 20:05:24,2019-04-18 18:40:11,Elülső nyomás állva,Váll,20,15,2019-04-18 18:40:11
2019-04-18 20:05:24,2019-04-18 18:40:11,Elülső nyomás állva,Váll,30,15,2019-04-18 18:44:00
2019-04-18 20:05:24,2019-04-18 18:40:11,Elülső nyomás állva,Váll,40,15,2019-04-18 18:47:43
2019-04-18 20:05:24,2019-04-18 18:40:11,Elülső nyomás állva,Váll,50,8,2019-04-18 18:50:17
2019-04-18 20:05:24,2019-04-18 18:40:11,Elülső nyomás állva,Váll,50,8,2019-04-18 18:53:16
2019-04-18 20:05:24,2019-04-18 18:57:10,Oldalemelés,Váll,10,20,2019-04-18 18:57:10
2019-04-18 20:05:24,2019-04-18 18:57:10,Oldalemelés,Váll,12,15,2019-04-18 18:59:55
2019-04-18 20:05:24,2019-04-18 18:57:10,Oldalemelés,Váll,16,12,2019-04-18 19:02:46
2019-04-18 20:05:24,2019-04-18 18:57:10,Oldalemelés,Váll,16,12,2019-04-18 19:05:32
2019-04-18 20:05:24,2019-04-18 19:08:11,Döntött törzsű Oldalemelés,Váll,10,12,2019-04-18 19:08:11
2019-04-18 20:05:24,2019-04-18 19:08:11,Döntött törzsű Oldalemelés,Váll,10,12,2019-04-18 19:10:34
2019-04-18 20:05:24,2019-04-18 19:08:11,Döntött törzsű Oldalemelés,Váll,12,10,2019-04-18 19:13:05
2019-04-18 20:05:24,2019-04-18 19:08:11,Döntött törzsű Oldalemelés,Váll,12,10,2019-04-18 19:15:22
2019-04-18 20:05:24,2019-04-18 19:18:07,Állig húzás,Csuklya,20,10,2019-04-18 19:18:07
2019-04-18 20:05:24,2019-04-18 19:18:07,Állig húzás,Csuklya,30,10,2019-04-18 19:20:32
2019-04-18 20:05:24,2019-04-18 19:18:07,Állig húzás,Csuklya,30,10,2019-04-18 19:22:24
2019-04-18 20:05:24,2019-04-18 19:18:07,Állig húzás,Csuklya,30,10,2019-04-18 19:24:52
2019-04-18 20:05:24,2019-04-18 19:27:07,Vállvonogatás,Csuklya,60,12,2019-04-18 19:27:07
2019-04-18 20:05:24,2019-04-18 19:27:07,Vállvonogatás,Csuklya,60,12,2019-04-18 19:28:46
2019-04-18 20:05:24,2019-04-18 19:27:07,Vállvonogatás,Csuklya,60,12,2019-04-18 19:30:55
2019-04-18 20:05:24,2019-04-18 19:27:07,Vállvonogatás,Csuklya,60,12,2019-04-18 19:32:55
2019-04-18 20:05:24,2019-04-18 19:37:36,Állva kétkezessel bic,Bicepsz,30,10,2019-04-18 19:37:36
2019-04-18 20:05:24,2019-04-18 19:37:36,Állva kétkezessel bic,Bicepsz,30,10,2019-04-18 19:39:14
2019-04-18 20:05:24,2019-04-18 19:37:36,Állva kétkezessel bic,Bicepsz,30,10,2019-04-18 19:40:57
2019-04-18 20:05:24,2019-04-18 19:37:36,Állva kétkezessel bic,Bicepsz,30,10,2019-04-18 19:42:54
2019-04-18 20:05:24,2019-04-18 19:46:15,Üllve koncentrált bic,Bicepsz,12,10,2019-04-18 19:46:15
2019-04-18 20:05:24,2019-04-18 19:46:15,Üllve koncentrált bic,Bicepsz,12,10,2019-04-18 19:47:50
2019-04-18 20:05:24,2019-04-18 19:46:15,Üllve koncentrált bic,Bicepsz,12,10,2019-04-18 19:50:21
2019-04-18 20:05:24,2019-04-18 19:55:29,Tricepsz hajlítás fejf.fr,Tricepsz,20,15,2019-04-18 19:55:29
2019-04-18 20:05:24,2019-04-18 19:55:29,Tricepsz hajlítás fejf.fr,Tricepsz,20,15,2019-04-18 19:58:36
2019-04-18 20:05:24,2019-04-18 19:55:29,Tricepsz hajlítás fejf.fr,Tricepsz,20,15,2019-04-18 20:00:16
2019-04-18 20:05:24,2019-04-18 20:04:43,Lórúgás,Tricepsz,12,12,2019-04-18 20:04:43
2019-04-18 20:05:24,2019-04-18 20:04:43,Lórúgás,Tricepsz,12,12,2019-04-18 20:04:46
2019-04-18 20:05:24,2019-04-18 20:04:43,Lórúgás,Tricepsz,12,10,2019-04-18 20:04:51
2019-04-21 20:25:07,2019-04-21 19:04:14,Fekvenyomás,Mell,60,20,2019-04-21 19:04:14
2019-04-21 20:25:07,2019-04-21 19:04:14,Fekvenyomás,Mell,80,6,2019-04-21 19:06:44
2019-04-21 20:25:07,2019-04-21 19:04:14,Fekvenyomás,Mell,80,6,2019-04-21 19:09:28
2019-04-21 20:25:07,2019-04-21 19:04:14,Fekvenyomás,Mell,80,6,2019-04-21 19:13:03
2019-04-21 20:25:07,2019-04-21 19:17:06,30°ba nyomás egykezessel,Mell,16,15,2019-04-21 19:17:06
2019-04-21 20:25:07,2019-04-21 19:17:06,30°ba nyomás egykezessel,Mell,22,15,2019-04-21 19:19:59
2019-04-21 20:25:07,2019-04-21 19:17:06,30°ba nyomás egykezessel,Mell,22,10,2019-04-21 19:22:38
2019-04-21 20:25:07,2019-04-21 19:17:06,30°ba nyomás egykezessel,Mell,22,10,2019-04-21 19:25:05
2019-04-21 20:25:07,2019-04-21 19:29:33,Tárogatás fekve,Mell,18,10,2019-04-21 19:29:33
2019-04-21 20:25:07,2019-04-21 19:29:33,Tárogatás fekve,Mell,18,10,2019-04-21 19:32:30
2019-04-21 20:25:07,2019-04-21 19:29:33,Tárogatás fekve,Mell,18,10,2019-04-21 19:34:45
2019-04-21 20:25:07,2019-04-21 19:29:33,Tárogatás fekve,Mell,18,10,2019-04-21 19:37:27
2019-04-21 20:25:07,2019-04-21 19:41:31,Felső csiga mell,Mell,10,15,2019-04-21 19:41:31
2019-04-21 20:25:07,2019-04-21 19:41:31,Felső csiga mell,Mell,10,15,2019-04-21 19:43:25
2019-04-21 20:25:07,2019-04-21 19:41:31,Felső csiga mell,Mell,14,10,2019-04-21 19:46:22
2019-04-21 20:25:07,2019-04-21 19:41:31,Felső csiga mell,Mell,14,10,2019-04-21 19:48:59
2019-04-21 20:25:07,2019-04-21 19:52:44,Húzódzkodás szélesen,Hát,80,10,2019-04-21 19:52:44
2019-04-21 20:25:07,2019-04-21 19:52:44,Húzódzkodás szélesen,Hát,80,10,2019-04-21 19:56:13
2019-04-21 20:25:07,2019-04-21 19:52:44,Húzódzkodás szélesen,Hát,80,8,2019-04-21 19:58:13
2019-04-21 20:25:07,2019-04-21 19:52:44,Húzódzkodás szélesen,Hát,80,8,2019-04-21 20:00:33
2019-04-21 20:25:07,2019-04-21 20:03:22,Húzódzkodás szűken,Hát,80,6,2019-04-21 20:03:22
2019-04-21 20:25:07,2019-04-21 20:03:22,Húzódzkodás szűken,Hát,80,6,2019-04-21 20:05:43
2019-04-21 20:25:07,2019-04-21 20:03:22,Húzódzkodás szűken,Hát,80,6,2019-04-21 20:08:12
2019-04-21 20:25:07,2019-04-21 20:03:22,Húzódzkodás szűken,Hát,80,6,2019-04-21 20:11:30
2019-04-21 20:25:07,2019-04-21 20:13:56,Kétkezes evezés szélesen,Hát,40,10,2019-04-21 20:13:56
2019-04-21 20:25:07,2019-04-21 20:13:56,Kétkezes evezés szélesen,Hát,60,15,2019-04-21 20:17:17
2019-04-21 20:25:07,2019-04-21 20:13:56,Kétkezes evezés szélesen,Hát,60,15,2019-04-21 20:19:24
2019-04-21 20:25:07,2019-04-21 20:13:56,Kétkezes evezés szélesen,Hát,60,12,2019-04-21 20:22:50
2019-04-22 18:24:41,2019-04-22 17:26:22,Állva kétkezessel bic,Bicepsz,30,12,2019-04-22 17:26:22
2019-04-22 18:24:41,2019-04-22 17:26:22,Állva kétkezessel bic,Bicepsz,30,10,2019-04-22 17:28:03
2019-04-22 18:24:41,2019-04-22 17:26:22,Állva kétkezessel bic,Bicepsz,30,10,2019-04-22 17:30:04
2019-04-22 18:24:41,2019-04-22 17:26:22,Állva kétkezessel bic,Bicepsz,30,10,2019-04-22 17:32:19
2019-04-22 18:24:41,2019-04-22 17:35:11,Scott padon egyk,Bicepsz,12,10,2019-04-22 17:35:11
2019-04-22 18:24:41,2019-04-22 17:35:11,Scott padon egyk,Bicepsz,16,8,2019-04-22 17:37:23
2019-04-22 18:24:41,2019-04-22 17:35:11,Scott padon egyk,Bicepsz,16,8,2019-04-22 17:39:26
2019-04-22 18:24:41,2019-04-22 17:35:11,Scott padon egyk,Bicepsz,16,8,2019-04-22 17:41:54
2019-04-22 18:24:41,2019-04-22 17:44:27,Üllve koncentrált bic,Bicepsz,16,8,2019-04-22 17:44:27
2019-04-22 18:24:41,2019-04-22 17:44:27,Üllve koncentrált bic,Bicepsz,16,8,2019-04-22 17:46:43
2019-04-22 18:24:41,2019-04-22 17:44:27,Üllve koncentrált bic,Bicepsz,14,10,2019-04-22 17:49:14
2019-04-22 18:24:41,2019-04-22 17:44:27,Üllve koncentrált bic,Bicepsz,14,10,2019-04-22 17:52:05
2019-04-22 18:24:41,2019-04-22 17:55:36,Homlokra engedés fr.,Tricepsz,20,15,2019-04-22 17:55:36
2019-04-22 18:24:41,2019-04-22 17:55:36,Homlokra engedés fr.,Tricepsz,24,12,2019-04-22 17:58:39
2019-04-22 18:24:41,2019-04-22 17:55:36,Homlokra engedés fr.,Tricepsz,24,12,2019-04-22 18:00:46
2019-04-22 18:24:41,2019-04-22 17:55:36,Homlokra engedés fr.,Tricepsz,24,12,2019-04-22 18:02:55
2019-04-22 18:24:41,2019-04-22 18:05:08,Lenyomás vassal cs.,Tricepsz,20,12,2019-04-22 18:05:08
2019-04-22 18:24:41,2019-04-22 18:05:08,Lenyomás vassal cs.,Tricepsz,20,12,2019-04-22 18:06:49
2019-04-22 18:24:41,2019-04-22 18:05:08,Lenyomás vassal cs.,Tricepsz,20,12,2019-04-22 18:08:44
2019-04-22 18:24:41,2019-04-22 18:05:08,Lenyomás vassal cs.,Tricepsz,20,12,2019-04-22 18:10:26
2019-04-22 18:24:41,2019-04-22 18:12:31,Lórúgás,Tricepsz,12,12,2019-04-22 18:12:31
2019-04-22 18:24:41,2019-04-22 18:12:31,Lórúgás,Tricepsz,12,12,2019-04-22 18:14:17
2019-04-22 18:24:41,2019-04-22 18:12:31,Lórúgás,Tricepsz,14,12,2019-04-22 18:16:35
2019-04-22 18:24:41,2019-04-22 18:12:31,Lórúgás,Tricepsz,14,12,2019-04-22 18:18:41
2019-04-24 20:39:07,2019-04-24 20:38:16,Ugrálókötél,Láb,80,1,2019-04-24 20:38:16
2019-04-24 20:39:07,2019-04-24 20:38:16,Ugrálókötél,Láb,80,1,2019-04-24 20:38:22
2019-04-24 20:39:07,2019-04-24 20:38:16,Ugrálókötél,Láb,80,1,2019-04-24 20:38:23
2019-04-24 20:39:07,2019-04-24 20:38:16,Ugrálókötél,Láb,80,1,2019-04-24 20:38:25
2019-04-26 20:23:57,2019-04-26 20:21:39,Ugrálókötél,Láb,80,1,2019-04-26 20:21:39
2019-04-26 20:23:57,2019-04-26 20:21:39,Ugrálókötél,Láb,80,1,2019-04-26 20:21:42
2019-04-26 20:23:57,2019-04-26 20:21:39,Ugrálókötél,Láb,80,2,2019-04-26 20:21:48
2019-04-26 20:23:57,2019-04-26 20:21:39,Ugrálókötél,Láb,80,2,2019-04-26 20:21:50
2019-04-26 20:23:57,2019-04-26 20:21:39,Ugrálókötél,Láb,80,1,2019-04-26 20:22:03
2019-04-30 20:17:10,2019-04-30 20:16:39,Ugrálókötél,Láb,80,2,2019-04-30 20:16:39
2019-04-30 20:17:10,2019-04-30 20:16:39,Ugrálókötél,Láb,80,2,2019-04-30 20:17:00
2019-04-30 20:17:10,2019-04-30 20:16:39,Ugrálókötél,Láb,80,2,2019-04-30 20:17:03
2019-04-30 20:17:10,2019-04-30 20:16:39,Ugrálókötél,Láb,80,1,2019-04-30 20:17:08
2019-05-11 17:35:55,2019-05-11 16:17:24,Fekvenyomás,Mell,40,20,2019-05-11 16:17:24
2019-05-11 17:35:55,2019-05-11 16:17:24,Fekvenyomás,Mell,60,20,2019-05-11 16:19:53
2019-05-11 17:35:55,2019-05-11 16:17:24,Fekvenyomás,Mell,80,6,2019-05-11 16:23:57
2019-05-11 17:35:55,2019-05-11 16:17:24,Fekvenyomás,Mell,80,10,2019-05-11 16:29:30
2019-05-11 17:35:55,2019-05-11 16:17:24,Fekvenyomás,Mell,80,6,2019-05-11 16:33:38
2019-05-11 17:35:55,2019-05-11 16:39:14,30°ba nyomás egykezessel,Mell,12,30,2019-05-11 16:39:14
2019-05-11 17:35:55,2019-05-11 16:39:14,30°ba nyomás egykezessel,Mell,22,10,2019-05-11 16:42:49
2019-05-11 17:35:55,2019-05-11 16:39:14,30°ba nyomás egykezessel,Mell,22,10,2019-05-11 16:45:22
2019-05-11 17:35:55,2019-05-11 16:39:14,30°ba nyomás egykezessel,Mell,22,8,2019-05-11 16:48:09
2019-05-11 17:35:55,2019-05-11 16:39:14,30°ba nyomás egykezessel,Mell,22,8,2019-05-11 16:50:44
2019-05-11 17:35:55,2019-05-11 16:53:52,Felső csiga mell,Mell,10,15,2019-05-11 16:53:52
2019-05-11 17:35:55,2019-05-11 16:53:52,Felső csiga mell,Mell,14,12,2019-05-11 16:56:27
2019-05-11 17:35:55,2019-05-11 16:53:52,Felső csiga mell,Mell,14,10,2019-05-11 16:59:03
2019-05-11 17:35:55,2019-05-11 16:53:52,Felső csiga mell,Mell,14,10,2019-05-11 17:01:15
2019-05-11 17:35:55,2019-05-11 17:04:29,Tárogatás fekve,Mell,16,12,2019-05-11 17:04:29
2019-05-11 17:35:55,2019-05-11 17:04:29,Tárogatás fekve,Mell,16,10,2019-05-11 17:06:44
2019-05-11 17:35:55,2019-05-11 17:04:29,Tárogatás fekve,Mell,16,10,2019-05-11 17:09:45
2019-05-11 17:35:55,2019-05-11 17:16:32,Homlokra engedés fr.,Tricepsz,20,12,2019-05-11 17:16:32
2019-05-11 17:35:55,2019-05-11 17:16:32,Homlokra engedés fr.,Tricepsz,20,10,2019-05-11 17:19:21
2019-05-11 17:35:55,2019-05-11 17:16:32,Homlokra engedés fr.,Tricepsz,20,10,2019-05-11 17:22:00
2019-05-11 17:35:55,2019-05-11 17:16:32,Homlokra engedés fr.,Tricepsz,20,10,2019-05-11 17:26:20
2019-05-11 17:35:55,2019-05-11 17:29:31,Lórúgás,Tricepsz,12,10,2019-05-11 17:29:31
2019-05-11 17:35:55,2019-05-11 17:29:31,Lórúgás,Tricepsz,12,10,2019-05-11 17:30:53
2019-05-11 17:35:55,2019-05-11 17:29:31,Lórúgás,Tricepsz,12,10,2019-05-11 17:33:38
2019-05-11 17:35:55,2019-05-11 17:29:31,Lórúgás,Tricepsz,12,10,2019-05-11 17:35:49
